commonwords,replacement
childrens,children
youngadult,young adult
dystopians,dystopia
dystopian,dystopia
dystopic,dystopia
time-travel,time travel
dnfing,dnf
worldcrafting,worldbuild
worldbuilding,worldbuild
world building,worldbuild
world-building,worldbuild
 ha ,ha
abusiveness,abuse
academys,schgol
acappella,school
acheived,achieve
achetype,archetype
achievementsand,achieve
achievers,achieve
achievment,achieve
achievments,achieve
acreage,land
acreages,land
actionish,action
actionmediated,action
actionmystery,action
actionnamely,action
actionpacked,action
actionswhich,action
actionsyou,action
actiopacked,action
addictingly,addictive
addictivebeing,addictive
adolescences,adolescent
adolescentes,adolescent
adolescenza,adolescent
allosaurus,dinosaur
brachiosaurus,dinosaur
brontosauruses,dinosaur
bureacracies,bureaucrat
bureacrats,bureaucrat
bureaucr,bureaucrat
bureaucracyi,bureaucrat
bureaucratese,bureaucrat
bureaucratization,bureaucrat
caligraphy,calligraphy
calligraphical,calligraphy
calloussness,callous
campyhumour,campy
chessgame,chess
chesslike,chess
chesspieces,chess
chessplayer,chess
chihuahuas,dog
childrenized,children
childrenremember,children
childrens,children
childrns,children
childss,children
childtaker,children
childwho,children
chilhoods,children
chrisitian,religion
christiandom,religion
christiano,religion
christianpunk,religion
christianson,religion
christiantoday,religion
christlike,religion
churchgoer,religion
churchgoing,religion
churchthis,religion
cientfico,scientific
cientifismo,scientific
cientista,scientist
cientistas,scientist
classicbookshelf,classic
classico,classic
classicsof,classic
classictales,classic
classicthen,classic
classicus,classic
classsic,classic
claustrofbico,claustrophobic
claustrophile,claustrophobic
clautrophobic,claustrophobic
cliffngars,cliffhanger
cliffngerish,cliffhanger
cliffngerssss,cliffhanger
cliffngery,cliffhanger
codeand,code
codebook,code
codebreaker,code
codebreakers,code
codebreaking,code
codenamed,code
codexes,code
codifies,code
codifying,code
colectivistic,collective
colectivo,collective
collectivisme,collective
collectivity,collective
collectivization,collective
collonists,colonize
colonaziation,colonize
colones,colonize
colonia,colonize
colonialismo,colonize
colonialismthe,colonize
colonice,colonize
coloniizing,colonize
colonisable,colonize
colonisations,colonize
colonisd,colonize
coloniser,colonize
colonisttake,colonize
colonizating,colonize
colonizationidentity,colonize
colonizations,colonize
colonizeand,colonize
colonizedfifty,colonize
complexe,complex
complexify,complex
complexitude,complex
complexnever,complex
complexoccasionally,complex
complext,complex
complexthink,complex
computable,computer
computacional,computer
computador,computer
computerish,computer
computerlike,computer
computerman,computer
computermen,computer
computerology,computer
computersand,computer
computersoh,computer
computerthe,computer
computerto,computer
computertt,computer
computronium,computer
comunism,communism
comunismo,communism
comunistas,communism
comunitarismo,communism
comunities,community
comunnity,community
fantasie,fantasy
fantasyfaction,fantasy
fantasyhotlist,fantasy
fantasyish,fantasy
farcicality,farcical
farfetchedly,farfetched
farfetchedness,farfetched
faries,fairy
farrenheit,fahrenheit
fatiguing,tiring
geneticsthe,genetics
geopolitically,geopolitical
germanglish,germany
germanybut,germany
gerrymandered,gerrymander
ghosties,ghost
ghostsnot,ghost
ghostwrite,ghostwriter
ghostwriters,ghostwriter
giganotosaurus,dinosaur
gilgameshers,gilgamesh
gilgameshs,gilgamesh
glamorised,glamour
glamorises,glamour
glamorized,glamour
glamorizes,glamour
glamorizing,glamour
glamorously,glamour
globale,global
globaliced,globalize
globalidea,globalize
globalised,globalize
globalises,globalize
globalists,globalize
globalizing,globalize
godess,god
goofball,goofy
goofiest,goofy
goofily,goofy
gothicness,gothic
gothicy,gothic
govcorps,government
govenrment,government
govermentcourtspolicyjails,government
goverments,government
governano,government
governered,government
governmentsa,government
governmentsor,government
governmentwhether,government whether
gradeschool,grade school
gramp,family
grampa,family
grandaddy,family
grandchildrens,family
grandmotherly,family
grandpappy,family
grandpapy,family
grandparental,family
grandparenting,family
grandpop,family
granduncle,family
granfathers,family
grangranfathers,family
granma,family
grannie,family
granpappys,family
gravcity,gravity
gravemarker,grave
graverobbers,grave
graveyard,grave
groundbraking,groundbreaking
groundbreakingly,groundbreaking
groundedeven,grounded
groundedness,grounded
hollywoodification,hollywood
hollywoodized,hollywood
holocausto,holocaust
holocaustwritten,holocaust
holocene,ancient
holographc,holograph
holographically,holograph
homeship,homestead
homesteader,homestead
homesteaders,homestead
homesteading,homestead
homesteads,homestead
homicidally,homicide
homocide,homicide
homoerotically,lgbt
homoeroticism,lgbt
hoodwinked,hoodwink
hoodwinker,hoodwink
hoodwinkers,hoodwink
hoodwinking,hoodwink
horoscopesand,zodiac
horriffic,horror
horrificor,horror
horrorfest,horror
horrorratchet,horror
horrorscapes,horror
horticultural,flowers
hoverboarding,hoverboard
humanisation,humanity
ichthyosaurus,dinosaur
mediaval,medieval
medicalising,medical
medicalization,medical
medicina,medical
medicne,medical
medievalism,medieval
medievaloid,medieval
medievel,medieval
mediocrely,mediocre
mediocres,mediocre
mediore,mediocre
meditator,mediator
megacorporate,corporation
megafaunal,nature
megagravity,gravity
megalominiacs,megalomaniac
megalopolises,megapolis
megalopolisuri,megapolis
megalopolitan,megapolis
megapolises,megapolis
megaship,ship
megaships,ship
melancholically,melancholy
melencholy,melancholy
melencolia,melancholy
mellennia,millenium
melodiously,music
melodiousness,music
melodramas,melodrama
melodramatically,melodrama
melodramatise,melodrama
melodramatized,melodrama
melodys,music
memoiryes,memoiry
menstruate,woman
menstruated,woman
microcosmos,cosmos
microuniverse,worldbuild
microworld,worldbuild
militaire,military
militaires,military
militancy,military
militarised,military
militarismthe,military
militariste,military
militarizations,military
militarizing,military
militate,military
militiamen,military
musicality,music
mutagen,mutate
mutagenesis,mutate
mutante,mutate
mysoginism,misogyny
mysoginists,misogyny
mysoginy,misogyny
myster,mister
mysterioso,mystery
mysteriousis,mystery
mysteriousmy,mystery
mysterisen,mystery
mysterium,mystery
mysterly,mystery
mysterous,mystery
mysteryoung,mystery
mysterysci,mystery
mysterysome,mystery
mystey,mystery
mystifications,mystify
mystifies,mystify
mystiques,mystique
nannied,children
nanobacteria,bacteria
nanocameras,camera
nanoengineered,nano
nanofibres,nano
nanomachinery,machinery
nanomedicine,medicine
nanopocolypse,apocalypse
nanorobotic,robot
napolean,napoleon
napoleanthe,napoleon
napoleaon,napoleon
narartive,narrator
naratted,narrator
narcotically,narcotic
narrateur,narrator
narrati,narrator
narratif,narrator
narrativamente,narrator
narrativas,narrator
narrativea,narrator
narrativealways,narrator
narrativeand,narrator
narrativeis,narrator
narrativeit,narrator
narrativewhen,narrator
narrato,narrator
narratoracross,narrator
narratorauthor,narrator
narratorelan,narrator
narratorgrey,narrator
narratoris,narrator
narratorland,narrator
narratorlive,narrator
narratorrrowrk,narrator
nativeamerican,native american
neandertal,neanderthal
neandertales,neanderthal
neandertlworld,neanderthal
neglectfully,negligence
neglible,negligence
negligable,negligence
negligance,negligence
negligeable,negligence
negligibility,negligence
neglijent,negligence
negotation,negotiate
negotiability,negotiate
neuroatypicals,neuroatypical
neurobiological,brain
neurosurgeons,brain
neuroticism,neurotic
neurotics,brain
neurotoxins,brain
neurotransmitter,brain
neurotransmitters,brain
neurotypicals,neurotypical
neutralisant,neutral
neutralise,neutral
neutralises,neutral
neutralization,neutral
neutralizzate,neutral
neutrals,neutral
nightmaresto,nightmare
pachyceplosaurus,dinosaur
redemptionist,redemption
redemptionists,redemption
redemptions,redemption
reductionism,reductionist
reductionistic,reductionist
redunancy,redundant
rejoovenesence,rejuvenation
rejoovenesense,rejuvenation
rejuvenations,rejuvenation
rejuvenators,rejuvenation
rejuvinated,rejuvenation
relathionship,relationship
relationshipand,relationship
relationshipat,relationship
relationshipo,relationship
relationshipsall,relationship
relationshps,relationship
relatioship,relationship
relativisms,relativism
relatonship,relationship
relaxariums,relax
relaxations,relax
relaxer,relax
relearned,relearn
relearns,relearn
religieux,religion
religionenlibertad,religion
religionespecially,religion
religionised,religion
religionist,religion
religionsthe,religion
religionwere,religion
religiosa,religion
religiousity,religion
religiousness,religion
religoius,religion
relijun,religion
remythologize,mythologize
rendeyzvous,rendezvous
rendezvousing,rendezvous
reptil,reptile
reptilelike,reptile
reptilians,reptile
reptiloid,reptile
repubblica,republic
repubican,republican
republication,republican
resuscitates,resuscitate
resuscitating,resuscitate
resuscitations,resuscitate
retailing,retaliate
retaliates,retaliate
retrofuture,retrofuture
retrofuturism,retrofuture
revolucionarios,revolution
revolutionbut,revolution
revolutioncould,revolution
revolutionizes,revolution
revolutionmaybe,revolution
revolutionnnn,revolution
revolutiontheir,revolution
revolutionwho,revolution
stronauts,astronaut
submariners,submarine
submarinos,submarine
submicroscopic,microscopic
subterrene,subterranean
subterrestrial,subterranean
subterrneas,subterranean
supercomputera,supercomputer
supercomputing,supercomputer
supergeniuses,genius
supergirl,superhero
superhumanalien,alien
superhurricanes,hurricane
totalatarianisma,totalitarianism
totalitarianisms,totalitarianism
totalitarianly,totalitarianism
totalitarians,totalitarianism
totalitarismi,totalitarianism
towne,town
transvestites,trans
transwoman,trans
transwomen,trans
tranvestite,trans
traumatise,trauma
traumatize,trauma
traumatizedand,trauma
traumatizes,trauma
traumtaic,trauma
travell,travel
travelld,travel
travelly,travel
travelog,travel
travelsall,travel
travely,travel
womanish,woman
womanknow,woman
womansplains,woman
worldbuidling,worldbuild
worldbuildand,worldbuild
worldbuilders,worldbuild
worldbuildit,worldbuild
worldbuildling,worldbuild
worldbuildreally,worldbuild
worldbuilidng,worldbuild
worldbuliding,worldbuild
wyrldmaking,worldbuild
xenoanthropology,xenology
xenoarcheological,xenology
xenobathetic,xenology
xenocidal,xenology
xenoegenesis,xenology
xenofiction,xenology
xenofobiathe,xenology
xenoforming,xenology
xenogensis,xenology
xenoglossia,xenology
xenolinguists,xenology
xenologer,xenology
xenologers,xenology
xenological,xenology
xenologist,xenology
xenology,xenology
xenomorphia,xenology
xenomorphs,xenology
xenomythology,xenology
xenophilic,xenology
xenophilologist,xenology
xenophilology,xenology
xenophobes,xenology
xenosaurus,dinosaur
xylophone,music
xylophones,music
yards,land
youngin,child
zeninthosaurus,dinosaur
zinfandel,wine
zodiacs,zodiac
zombaliens,zombie
zombality,zombie
zombiegeddon,zombie
zombielicious,zombie
zombielit,zombie
zombielovers,zombie
zombiepocalypse,zombie
zombiesits,zombie
zombiessss,zombie
zombiez,zombie
zombification,zombie
zombism,zombie
zompie,zombie
zoologists,animals
zoroastranism,religion
